{"cameraMode":{"drawMode":0,"name":"Shaded","section":"Shading Mode"},"sceneLighting":true,"audioPlay":false,"sceneViewState":{"showFog":true,"showMaterialUpdate":true,"showSkybox":true,"showFlares":true,"showImageEffects":true,"showParticleSystems":true},"in2DMode":false,"pivot":{"x":-375.739013671875,"y":3.725621223449707,"z":-383.30975341796877},"rotation":{"x":0.10127250850200653,"y":0.4078772962093353,"z":-0.04712769389152527,"w":0.9064433574676514},"size":11.902848243713379,"orthographic":false}