{"cameraMode":{"drawMode":0,"name":"Shaded","section":"Shading Mode"},"sceneLighting":false,"audioPlay":false,"sceneViewState":{"showFog":false,"showMaterialUpdate":false,"showSkybox":false,"showFlares":false,"showImageEffects":false,"showParticleSystems":false},"in2DMode":false,"pivot":{"x":-407.66070556640627,"y":1.2125167846679688,"z":-290.115478515625},"rotation":{"x":0.05216459929943085,"y":-0.6320852637290955,"z":0.04274514317512512,"w":0.7719792723655701},"size":1.1012004613876343,"orthographic":false}