{"cameraMode":{"drawMode":0,"name":"Shaded","section":"Shading Mode"},"sceneLighting":false,"audioPlay":false,"sceneViewState":{"showFog":false,"showMaterialUpdate":false,"showSkybox":false,"showFlares":false,"showImageEffects":false,"showParticleSystems":false},"in2DMode":false,"pivot":{"x":-0.2196253538131714,"y":0.2712193429470062,"z":0.08798503875732422},"rotation":{"x":-0.03002323769032955,"y":-0.9493626356124878,"z":-0.09573348611593247,"w":0.2977321147918701},"size":1.3343114852905274,"orthographic":false}