{"cameraMode":{"drawMode":0,"name":"Shaded","section":"Shading Mode"},"sceneLighting":false,"audioPlay":false,"sceneViewState":{"showFog":true,"showMaterialUpdate":true,"showSkybox":false,"showFlares":true,"showImageEffects":true,"showParticleSystems":true},"in2DMode":false,"pivot":{"x":-429.5536804199219,"y":-5.6399993896484379,"z":-376.0876770019531},"rotation":{"x":0.003721229499205947,"y":0.9690150022506714,"z":0.014530980959534645,"w":-0.2466927170753479},"size":5.500502109527588,"orthographic":false}