{"cameraMode":{"drawMode":0,"name":"Shaded","section":"Shading Mode"},"sceneLighting":false,"audioPlay":false,"sceneViewState":{"showFog":false,"showMaterialUpdate":false,"showSkybox":false,"showFlares":false,"showImageEffects":false,"showParticleSystems":false},"in2DMode":false,"pivot":{"x":-400.0347900390625,"y":1.565613865852356,"z":-306.6026611328125},"rotation":{"x":0.01159687153995037,"y":-0.7112393379211426,"z":0.011734837666153908,"w":0.7027568221092224},"size":1.7610821723937989,"orthographic":false}