{"cameraMode":{"drawMode":0,"name":"Shaded","section":"Shading Mode"},"sceneLighting":false,"audioPlay":false,"sceneViewState":{"showFog":false,"showMaterialUpdate":false,"showSkybox":false,"showFlares":false,"showImageEffects":false,"showParticleSystems":false},"in2DMode":false,"pivot":{"x":-427.9159851074219,"y":5.824862957000732,"z":-291.62225341796877},"rotation":{"x":-0.06337498128414154,"y":-0.6047806739807129,"z":0.0483727902173996,"w":-0.7924178838729858},"size":8.155965805053711,"orthographic":false}