{"cameraMode":{"drawMode":0,"name":"Shaded","section":"Shading Mode"},"sceneLighting":false,"audioPlay":false,"sceneViewState":{"showFog":false,"showMaterialUpdate":false,"showSkybox":false,"showFlares":false,"showImageEffects":false,"showParticleSystems":false},"in2DMode":false,"pivot":{"x":-408.45599365234377,"y":1.1339999437332154,"z":-301.5799865722656},"rotation":{"x":-0.01649845577776432,"y":-0.6998929381370544,"z":-0.01616731658577919,"w":0.713887095451355},"size":0.8660253882408142,"orthographic":false}