{"cameraMode":{"drawMode":0,"name":"Shaded","section":"Shading Mode"},"sceneLighting":false,"audioPlay":false,"sceneViewState":{"showFog":false,"showMaterialUpdate":false,"showSkybox":false,"showFlares":false,"showImageEffects":false,"showParticleSystems":false},"in2DMode":false,"pivot":{"x":-421.9542236328125,"y":2.0230584144592287,"z":-292.8315734863281},"rotation":{"x":0.11140050739049912,"y":0.06851472705602646,"z":-0.007698606699705124,"w":0.991388738155365},"size":2.1602702140808107,"orthographic":false}