{"cameraMode":{"drawMode":0,"name":"Shaded","section":"Shading Mode"},"sceneLighting":false,"audioPlay":false,"sceneViewState":{"showFog":true,"showMaterialUpdate":true,"showSkybox":false,"showFlares":true,"showImageEffects":true,"showParticleSystems":true},"in2DMode":false,"pivot":{"x":5.960464477539063e-8,"y":-0.5459058880805969,"z":1.1920928955078126e-7},"rotation":{"x":0.000007702715265622828,"y":-0.9986122250556946,"z":0.05337432026863098,"w":0.00028706842567771673},"size":2.447835683822632,"orthographic":false}