{"cameraMode":{"drawMode":0,"name":"Shaded","section":"Shading Mode"},"sceneLighting":false,"audioPlay":false,"sceneViewState":{"showFog":false,"showMaterialUpdate":false,"showSkybox":false,"showFlares":false,"showImageEffects":false,"showParticleSystems":false},"in2DMode":false,"pivot":{"x":-408.4879150390625,"y":0.9232822060585022,"z":-289.11181640625},"rotation":{"x":0.006531167309731245,"y":0.9316971898078919,"z":-0.016774272546172143,"w":0.3628973960876465},"size":0.35086485743522646,"orthographic":false}