{"cameraMode":{"drawMode":0,"name":"Shaded","section":"Shading Mode"},"sceneLighting":false,"audioPlay":false,"sceneViewState":{"showFog":true,"showMaterialUpdate":true,"showSkybox":false,"showFlares":true,"showImageEffects":true,"showParticleSystems":true},"in2DMode":false,"pivot":{"x":-4.999661922454834,"y":-0.6538289189338684,"z":-0.5202168226242065},"rotation":{"x":-0.039853453636169437,"y":0.7336891293525696,"z":-0.04320169985294342,"w":-0.6769520044326782},"size":3.1698789596557619,"orthographic":false}