{"cameraMode":{"drawMode":0,"name":"Shaded","section":"Shading Mode"},"sceneLighting":false,"audioPlay":false,"sceneViewState":{"showFog":true,"showMaterialUpdate":true,"showSkybox":false,"showFlares":true,"showImageEffects":true,"showParticleSystems":true},"in2DMode":false,"pivot":{"x":-5.960464477539063e-8,"y":0.059167470782995227,"z":0.19843238592147828},"rotation":{"x":-0.05153077095746994,"y":-0.2965170741081238,"z":0.0160630214959383,"w":-0.9535263180732727},"size":0.05655154585838318,"orthographic":false}