{"cameraMode":{"drawMode":0,"name":"Shaded","section":"Shading Mode"},"sceneLighting":false,"audioPlay":false,"sceneViewState":{"showFog":false,"showMaterialUpdate":false,"showSkybox":false,"showFlares":false,"showImageEffects":false,"showParticleSystems":false},"in2DMode":false,"pivot":{"x":-406.38037109375,"y":0.5597072243690491,"z":-288.3575744628906},"rotation":{"x":-0.03305847942829132,"y":-0.5767300128936768,"z":0.02338036149740219,"w":-0.8159638047218323},"size":2.122022867202759,"orthographic":false}