{"cameraMode":{"drawMode":0,"name":"Shaded","section":"Shading Mode"},"sceneLighting":false,"audioPlay":false,"sceneViewState":{"showFog":true,"showMaterialUpdate":true,"showSkybox":false,"showFlares":true,"showImageEffects":true,"showParticleSystems":true},"in2DMode":false,"pivot":{"x":-410.02056884765627,"y":1.5120646953582764,"z":-372.98114013671877},"rotation":{"x":-0.013436189852654934,"y":-0.9803539514541626,"z":0.07219820469617844,"w":-0.18326520919799806},"size":9.389961242675782,"orthographic":false}