{"cameraMode":{"drawMode":0,"name":"Shaded","section":"Shading Mode"},"sceneLighting":false,"audioPlay":false,"sceneViewState":{"showFog":false,"showMaterialUpdate":false,"showSkybox":false,"showFlares":false,"showImageEffects":false,"showParticleSystems":false},"in2DMode":false,"pivot":{"x":-397.4133605957031,"y":3.0275912284851076,"z":-310.856201171875},"rotation":{"x":0.0011416436173021794,"y":-0.9963364005088806,"z":-0.013450984843075276,"w":-0.0844947099685669},"size":4.753795623779297,"orthographic":false}