{"cameraMode":{"drawMode":0,"name":"Shaded","section":"Shading Mode"},"sceneLighting":false,"audioPlay":false,"sceneViewState":{"showFog":true,"showMaterialUpdate":true,"showSkybox":false,"showFlares":true,"showImageEffects":true,"showParticleSystems":true},"in2DMode":false,"pivot":{"x":-412.29998779296877,"y":3.0,"z":-366.79998779296877},"rotation":{"x":-0.014560708776116372,"y":-0.9483017921447754,"z":0.04414694756269455,"w":-0.3140515387058258},"size":0.6000102758407593,"orthographic":false}