{"cameraMode":{"drawMode":0,"name":"Shaded","section":"Shading Mode"},"sceneLighting":false,"audioPlay":false,"sceneViewState":{"showFog":false,"showMaterialUpdate":false,"showSkybox":false,"showFlares":false,"showImageEffects":false,"showParticleSystems":false},"in2DMode":false,"pivot":{"x":0.08086448907852173,"y":0.05539295822381973,"z":-0.03549650311470032},"rotation":{"x":0.058542076498270038,"y":-0.5269601345062256,"z":0.03641808032989502,"w":0.847088634967804},"size":0.3150221109390259,"orthographic":false}