{"cameraMode":{"drawMode":0,"name":"Shaded","section":"Shading Mode"},"sceneLighting":false,"audioPlay":false,"sceneViewState":{"showFog":true,"showMaterialUpdate":true,"showSkybox":false,"showFlares":true,"showImageEffects":true,"showParticleSystems":true},"in2DMode":false,"pivot":{"x":-434.370849609375,"y":-6.561580181121826,"z":-395.0334167480469},"rotation":{"x":-0.08521655946969986,"y":0.8469246625900269,"z":-0.1425086110830307,"w":-0.5052042603492737},"size":2.700009822845459,"orthographic":false}